{"proxies":{"ti.mqtt.TiMqttModule":{"superPackageName":"org.appcelerator.kroll","methods":{"createClient":{"runOnUiThread":false,"hasInvocation":false,"args":[{"converter":"org.appcelerator.kroll.KrollConverter","defaultValueProvider":"org.appcelerator.kroll.KrollConverter","name":"kd","sourceName":"kd","type":"org.appcelerator.kroll.KrollDict"}],"apiName":"createClient","converter":"org.appcelerator.kroll.KrollConverter","defaultValueProvider":"org.appcelerator.kroll.KrollConverter","name":"__default_name__","returnType":"void"},"disconnect":{"runOnUiThread":false,"hasInvocation":false,"args":[],"apiName":"disconnect","converter":"org.appcelerator.kroll.KrollConverter","defaultValueProvider":"org.appcelerator.kroll.KrollConverter","name":"__default_name__","returnType":"void"},"subscribe":{"runOnUiThread":false,"hasInvocation":false,"args":[{"converter":"org.appcelerator.kroll.KrollConverter","defaultValueProvider":"org.appcelerator.kroll.KrollConverter","name":"kd","sourceName":"kd","type":"org.appcelerator.kroll.KrollDict"}],"apiName":"subscribe","converter":"org.appcelerator.kroll.KrollConverter","defaultValueProvider":"org.appcelerator.kroll.KrollConverter","name":"__default_name__","returnType":"void"},"unsubscribe":{"runOnUiThread":false,"hasInvocation":false,"args":[{"converter":"org.appcelerator.kroll.KrollConverter","defaultValueProvider":"org.appcelerator.kroll.KrollConverter","name":"kd","sourceName":"kd","type":"org.appcelerator.kroll.KrollDict"}],"apiName":"unsubscribe","converter":"org.appcelerator.kroll.KrollConverter","defaultValueProvider":"org.appcelerator.kroll.KrollConverter","name":"__default_name__","returnType":"void"},"publish":{"runOnUiThread":false,"hasInvocation":false,"args":[{"converter":"org.appcelerator.kroll.KrollConverter","defaultValueProvider":"org.appcelerator.kroll.KrollConverter","name":"kd","sourceName":"kd","type":"org.appcelerator.kroll.KrollDict"}],"apiName":"publish","converter":"org.appcelerator.kroll.KrollConverter","defaultValueProvider":"org.appcelerator.kroll.KrollConverter","name":"__default_name__","returnType":"void"},"connect":{"runOnUiThread":false,"hasInvocation":false,"args":[],"apiName":"connect","converter":"org.appcelerator.kroll.KrollConverter","defaultValueProvider":"org.appcelerator.kroll.KrollConverter","name":"__default_name__","returnType":"void"}},"superProxyBindingClassName":"org.appcelerator.kroll.KrollModuleBindingGen","proxyClassName":"TiMqttModule","proxyAttrs":{"propertyAccessors":[],"fullAPIName":"TiMqtt","name":"TiMqtt","proxyClassName":"ti.mqtt.TiMqttModule","isTopLevel":false,"id":"ti.mqtt"},"packageName":"ti.mqtt","sourceName":"ti.mqtt.TiMqttModuleBindingGen","isTitaniumSdk":false,"superProxyClassName":"KrollModule","isModule":true,"genClassName":"TiMqttModuleBindingGen","onAppCreate":"onAppCreate"}},"modules":{"ti.mqtt.TiMqttModule":{"apiName":"TiMqtt"}}}